<?xml version="1.0" encoding="UTF-8"?>
<project-private xmlns="http://www.netbeans.org/ns/project-private/1">
    <editor-bookmarks xmlns="http://www.netbeans.org/ns/editor-bookmarks/2" lastBookmarkId="0"/>
    <open-files xmlns="http://www.netbeans.org/ns/projectui-open-files/2">
        <group>
            <file>file:/Users/alanvega/NetBeansProjects/Enana%20Eventos%20or%20Whatever/src/modelo/Data.java</file>
            <file>file:/Users/alanvega/NetBeansProjects/Enana%20Eventos%20or%20Whatever/src/vistas/Start.java</file>
        </group>
    </open-files>
</project-private>
